wavelength,intensity,error,region,wavelength_unit,intensity_unit
15.164552900794053,820.8529357910156,7.4035695133001385,2,micron,MJy/sr
15.167012881767695,828.9027404785156,7.748559329355254,2,micron,MJy/sr
15.169472862741335,828.1280110677084,7.979511981679976,2,micron,MJy/sr
15.171932843714977,827.1964382595486,8.133533190843917,2,micron,MJy/sr
15.174392824688619,827.4910702175564,7.76917363509308,2,micron,MJy/sr
15.17685280566226,830.0172542995876,7.7330928105841705,2,micron,MJy/sr
15.1793127866359,828.9188113742405,7.551540664959867,2,micron,MJy/sr
15.181772767609543,828.290503607856,7.461245049947277,2,micron,MJy/sr
15.184232748583185,828.7654995388455,7.880072461854093,2,micron,MJy/sr
15.186692729556826,831.6967553032769,8.139873980152505,2,micron,MJy/sr
15.189152710530466,832.5661790635851,8.043998709528276,2,micron,MJy/sr
15.191612691504108,826.0240732828776,7.4564335306558265,2,micron,MJy/sr
15.19407267247775,829.6234741210938,7.1959448795655145,2,micron,MJy/sr
15.196532653451392,831.6947224934896,7.186664376591791,2,micron,MJy/sr
15.198992634425034,828.5940450032552,7.367449538168071,2,micron,MJy/sr
15.201452615398674,835.076907687717,7.915394745330384,2,micron,MJy/sr
15.203912596372316,836.1670837402344,7.932461329263528,2,micron,MJy/sr
15.206372577345958,832.6907840304905,7.492265941204023,2,micron,MJy/sr
15.2088325583196,836.0054219563802,6.982031738355041,2,micron,MJy/sr
15.21129253929324,836.8083716498481,6.74765307439818,2,micron,MJy/sr
15.213752520266882,836.5142398410374,7.02271768687209,2,micron,MJy/sr
15.216212501240523,832.4009975857205,7.425547503575597,2,micron,MJy/sr
15.218672482214165,837.0362955729166,7.851589996689661,2,micron,MJy/sr
15.221132463187805,838.8186374240452,7.423630963678095,2,micron,MJy/sr
15.223592444161447,841.7942047119141,7.0263293028920195,2,micron,MJy/sr
15.226052425135089,842.1146257188585,6.71988100905305,2,micron,MJy/sr
15.228512406108731,842.3374684651693,6.881490508098118,2,micron,MJy/sr
15.230972387082371,848.6809946695963,7.627137787464512,2,micron,MJy/sr
15.233432368056013,845.3296525743273,8.053965865211234,2,micron,MJy/sr
15.235892349029655,852.3783654106987,8.101828000541252,2,micron,MJy/sr
15.238352330003297,848.0792321099175,7.324354735608979,2,micron,MJy/sr
15.240812310976938,849.2114071316189,6.9528177950098975,2,micron,MJy/sr
15.243272291950579,852.3050604926216,7.094810137640034,2,micron,MJy/sr
15.24573227292422,854.7056986490885,7.538653674952329,2,micron,MJy/sr
15.248192253897862,850.8791046142578,8.387200014282934,2,micron,MJy/sr
15.250652234871504,852.8989189995659,8.31383157904877,2,micron,MJy/sr
15.253112215845144,854.0072530110677,7.814821794870117,2,micron,MJy/sr
15.255572196818786,851.9012654622396,7.16581278533324,2,micron,MJy/sr
15.258032177792428,854.2678714328342,7.032997006239844,2,micron,MJy/sr
15.26049215876607,857.2489691840278,7.5365712100266915,2,micron,MJy/sr
15.26295213973971,857.7130788167318,8.077456476953493,2,micron,MJy/sr
15.265412120713352,854.6883121066624,8.35193100535348,2,micron,MJy/sr
15.267872101686994,856.3348744710287,8.007403141474569,2,micron,MJy/sr
15.270332082660635,856.0804985894097,7.466201662768475,2,micron,MJy/sr
15.272792063634277,854.2485283745659,7.1447516492221865,2,micron,MJy/sr
15.275252044607917,854.3335300021702,7.447754408121693,2,micron,MJy/sr
15.27771202558156,856.9004431830513,7.7379887235957625,2,micron,MJy/sr
15.280172006555201,860.8978407118055,8.002941216293724,2,micron,MJy/sr
15.282631987528843,856.0550842285156,7.882132215439787,2,micron,MJy/sr
15.285091968502483,861.1882832845052,7.332045717283996,2,micron,MJy/sr
15.287551949476125,865.8458828396267,6.971876633888037,2,micron,MJy/sr
15.290011930449767,867.4769524468315,7.0846283355099,2,micron,MJy/sr
15.292471911423409,863.5305447048611,7.4816916346185245,2,micron,MJy/sr
15.294931892397049,871.1018710666233,8.649588767326112,2,micron,MJy/sr
15.29739187337069,872.6854926215278,9.54900846946637,2,micron,MJy/sr
15.299851854344332,868.9168056911892,9.209370997533888,2,micron,MJy/sr
15.302311835317974,865.1064283582899,8.85204001369437,2,micron,MJy/sr
15.304771816291614,873.2127753363716,8.847367701838428,2,micron,MJy/sr
15.307231797265256,876.2425706651476,9.093410090958905,2,micron,MJy/sr
15.309691778238898,870.8109859890408,9.319216564686904,2,micron,MJy/sr
15.31215175921254,868.4612257215712,9.559112930752836,2,micron,MJy/sr
15.314611740186182,875.0567864312065,9.384614806571555,2,micron,MJy/sr
15.317071721159822,870.9192504882812,9.020652339942236,2,micron,MJy/sr
15.319531702133464,868.2535196940104,9.07502701424175,2,micron,MJy/sr
15.321991683107106,872.6923828125,9.249151741176625,2,micron,MJy/sr
15.324451664080748,875.134996202257,8.522850895210032,2,micron,MJy/sr
15.326911645054388,868.4253370496962,7.998302703254094,2,micron,MJy/sr
15.32937162602803,863.9237942165798,7.927947712818599,2,micron,MJy/sr
15.331831607001671,862.2846238878038,7.566478172970118,2,micron,MJy/sr
15.334291587975313,865.3030497233073,7.732807186868672,2,micron,MJy/sr
15.336751568948953,866.9195726182726,7.952683851265131,2,micron,MJy/sr
15.339211549922595,868.179677327474,7.9448159805018435,2,micron,MJy/sr
15.341671530896237,871.3632744683159,8.001448931016462,2,micron,MJy/sr
15.344131511869879,868.3578016493055,7.8409272858640495,2,micron,MJy/sr
15.346591492843519,873.842776828342,7.82350738051743,2,micron,MJy/sr
15.34905147381716,874.8748609754774,7.469185234158748,2,micron,MJy/sr
15.351511454790803,877.8756612141927,7.814466176829991,2,micron,MJy/sr
15.353971435764445,874.3052130805122,7.8331669126898404,2,micron,MJy/sr
15.356431416738086,877.5584004720052,7.641490447241448,2,micron,MJy/sr
15.358891397711727,882.5250074598524,7.595150300338061,2,micron,MJy/sr
15.361351378685368,879.2914326985677,7.49320924641522,2,micron,MJy/sr
15.36381135965901,886.2385728624132,7.702853038829025,2,micron,MJy/sr
15.366271340632652,885.5683288574219,7.4652927598920815,2,micron,MJy/sr
15.368731321606292,890.5431077745226,7.813377204402732,2,micron,MJy/sr
15.371191302579934,886.7981635199653,8.099314153583178,2,micron,MJy/sr
15.373651283553576,885.9857415093315,7.960014572278612,2,micron,MJy/sr
15.376111264527218,894.0510830349392,7.971206582354931,2,micron,MJy/sr
15.378571245500858,896.4476996527778,7.814670494794147,2,micron,MJy/sr
15.3810312264745,892.791500515408,7.881807231728849,2,micron,MJy/sr
15.383491207448142,891.9961310492622,7.75371194532236,2,micron,MJy/sr
15.385951188421783,891.9738972981771,8.16001563178672,2,micron,MJy/sr
15.388411169395425,894.970204671224,8.431058144591498,2,micron,MJy/sr
15.390871150369065,890.793209499783,7.976324688491698,2,micron,MJy/sr
15.393331131342707,894.0369974772135,7.924836891415336,2,micron,MJy/sr
15.39579111231635,894.3522135416666,7.843369911474802,2,micron,MJy/sr
15.398251093289991,889.9329020182291,8.138503188154072,2,micron,MJy/sr
15.400711074263631,892.7716369628906,8.021666447902197,2,micron,MJy/sr
15.403171055237273,895.761728922526,8.34619992297297,2,micron,MJy/sr
15.405631036210915,891.6235690646702,8.383754299668473,2,micron,MJy/sr
15.408091017184557,889.7166612413195,7.962004166618951,2,micron,MJy/sr
15.410550998158197,894.0309109157986,7.973117751579644,2,micron,MJy/sr
15.413010979131839,898.7103780110677,8.026533329765162,2,micron,MJy/sr
15.41547096010548,896.5465596516927,8.266152264086625,2,micron,MJy/sr
15.417930941079122,894.3832465277778,8.104162525094402,2,micron,MJy/sr
15.420390922052762,897.3187561035156,8.097136044250831,2,micron,MJy/sr
15.422850903026404,899.5414869520399,8.206884182428933,2,micron,MJy/sr
15.425310884000046,900.2952745225695,7.878159231202083,2,micron,MJy/sr
15.427770864973688,903.8592868381077,8.18035835271258,2,micron,MJy/sr
15.43023084594733,900.9519585503472,8.058296649526257,2,micron,MJy/sr
15.43269082692097,900.8976745605469,8.18652054632025,2,micron,MJy/sr
15.435150807894612,899.5328538682726,7.7565850115096255,2,micron,MJy/sr
15.437610788868254,904.3720974392361,7.811641744252006,2,micron,MJy/sr
15.440070769841896,904.6709696451823,7.775100193891892,2,micron,MJy/sr
15.442530750815536,907.9106275770399,7.679657884194977,2,micron,MJy/sr
15.444990731789177,910.8894585503472,8.184295871571154,2,micron,MJy/sr
15.44745071276282,910.3933275010851,8.284162357197136,2,micron,MJy/sr
15.449910693736461,909.0232577853733,8.408588464592514,2,micron,MJy/sr
15.452370674710101,912.3424852159288,8.008151334078894,2,micron,MJy/sr
15.454830655683743,914.4305046929253,7.814334082870191,2,micron,MJy/sr
15.457290636657385,913.6005554199219,7.812073739337663,2,micron,MJy/sr
15.459750617631027,912.188490125868,7.9268525957799,2,micron,MJy/sr
15.462210598604669,918.3222995334202,8.587895328769582,2,micron,MJy/sr
15.464670579578309,916.4968431260851,8.66059401262163,2,micron,MJy/sr
15.46713056055195,918.930443657769,8.69346195002106,2,micron,MJy/sr
15.469590541525593,916.2552320692274,8.150006461304155,2,micron,MJy/sr
15.472050522499234,917.5022718641493,7.720452097820111,2,micron,MJy/sr
15.474510503472874,916.278811984592,7.778467119255295,2,micron,MJy/sr
15.476970484446516,919.9931708441841,8.240261304092893,2,micron,MJy/sr
15.479430465420158,925.8673875596788,9.004274770437279,2,micron,MJy/sr
15.4818904463938,919.4518534342448,8.815568202382913,2,micron,MJy/sr
15.48435042736744,925.6564195421007,8.768321999634676,2,micron,MJy/sr
15.486810408341082,923.2197333441841,8.179643440861057,2,micron,MJy/sr
15.489270389314724,921.8257378472222,7.742343749170379,2,micron,MJy/sr
15.491730370288366,927.7052714029948,7.910560858157294,2,micron,MJy/sr
15.494190351262006,928.0680813259548,8.354949023326236,2,micron,MJy/sr
15.496650332235648,927.7835998535156,8.972282896335027,2,micron,MJy/sr
15.49911031320929,931.2335645887587,9.01318782207052,2,micron,MJy/sr
15.501570294182931,932.5474480523003,8.774492393713915,2,micron,MJy/sr
15.504030275156573,933.2295260959202,8.163984628157937,2,micron,MJy/sr
15.506490256130213,929.445814344618,7.793414961222635,2,micron,MJy/sr
15.508950237103855,935.2712198893229,7.95350581439253,2,micron,MJy/sr
15.511410218077497,937.495347764757,8.220223179544831,2,micron,MJy/sr
15.513870199051139,940.7757636176216,8.85849659646057,2,micron,MJy/sr
15.516330180024779,946.7468838161892,8.965073791006743,2,micron,MJy/sr
15.518790160998421,947.8506469726562,8.769017979123243,2,micron,MJy/sr
15.521250141972063,955.1939053005642,8.382301810795177,2,micron,MJy/sr
15.523710122945705,955.6027289496528,7.927296238308442,2,micron,MJy/sr
15.526170103919345,964.2943420410156,7.916782333196823,2,micron,MJy/sr
15.528630084892987,979.6657307942709,8.207826166519762,2,micron,MJy/sr
15.531090065866628,994.9936082628038,9.010129401746788,2,micron,MJy/sr
15.53355004684027,1026.1317952473958,9.544562538816926,2,micron,MJy/sr
15.53601002781391,1084.0892367892795,10.286336027271542,2,micron,MJy/sr
15.538470008787552,1184.3466356065537,10.278646966270255,2,micron,MJy/sr
15.540929989761194,1336.213860405816,10.64864660981056,2,micron,MJy/sr
15.543389970734836,1526.0068020290798,12.006077864736952,2,micron,MJy/sr
15.545849951708478,1776.733890109592,13.9727469713444,2,micron,MJy/sr
15.548309932682118,2176.776407877604,17.216511069164255,2,micron,MJy/sr
15.55076991365576,2716.776380750868,22.083270335062725,2,micron,MJy/sr
15.553229894629402,2843.253187391493,23.927515253082106,2,micron,MJy/sr
15.555689875603044,2295.0055948893228,18.393906757295714,2,micron,MJy/sr
15.558149856576684,1745.4043477376301,13.752662634296458,2,micron,MJy/sr
15.560609837550325,1389.4674546983506,11.212092984898442,2,micron,MJy/sr
15.563069818523967,1200.9584113226997,10.003212520738545,2,micron,MJy/sr
15.56552979949761,1095.9109632703994,9.61132029307758,2,micron,MJy/sr
15.56798978047125,1038.9127570258247,9.592960126656763,2,micron,MJy/sr
15.570449761444891,1006.8777330186632,9.73203750467912,2,micron,MJy/sr
15.572909742418533,990.3654073079427,9.43536745142785,2,micron,MJy/sr
15.575369723392175,986.5929260253906,8.950445225975802,2,micron,MJy/sr
15.577829704365817,977.7976277669271,8.601602931773655,2,micron,MJy/sr
15.580289685339457,969.347425672743,8.480894638410904,2,micron,MJy/sr
15.582749666313099,969.8341810438368,8.53020195624629,2,micron,MJy/sr
15.58520964728674,971.1654357910156,8.970345443580033,2,micron,MJy/sr
15.587669628260382,964.3664889865452,9.14930495102912,2,micron,MJy/sr
15.590129609234022,962.5167134602865,9.409285903887062,2,micron,MJy/sr
15.592589590207664,965.761976453993,9.134036807420188,2,micron,MJy/sr
15.595049571181306,959.3237813313802,8.591358524770888,2,micron,MJy/sr
15.597509552154948,961.8528578016493,8.512269766315598,2,micron,MJy/sr
15.599969533128588,964.5257907443577,8.459759868656864,2,micron,MJy/sr
15.60242951410223,962.3812662760416,8.655371263820168,2,micron,MJy/sr
15.604889495075872,960.4680480957031,8.701206921724523,2,micron,MJy/sr
15.607349476049514,963.1202155219185,9.384670437227406,2,micron,MJy/sr
15.609809457023154,960.9354383680555,9.254972635765197,2,micron,MJy/sr
15.612269437996796,962.4638468424479,8.737867949492516,2,micron,MJy/sr
15.614729418970438,966.4791564941406,8.529821052894173,2,micron,MJy/sr
15.61718939994408,968.260972764757,8.406210202537988,2,micron,MJy/sr
15.619649380917721,968.2637430826823,8.554609385470187,2,micron,MJy/sr
15.622109361891361,968.4439222547743,8.587274994207943,2,micron,MJy/sr
15.624569342865003,970.1702745225695,9.150237168920011,2,micron,MJy/sr
15.627029323838645,975.6433308919271,9.539193531876252,2,micron,MJy/sr
15.629489304812287,978.3201395670573,9.310610935376475,2,micron,MJy/sr
15.631949285785927,974.0479058159722,8.962680509883862,2,micron,MJy/sr
15.634409266759569,973.9156222873264,8.6112963610818,2,micron,MJy/sr
15.63686924773321,975.0123460557726,8.564556933435052,2,micron,MJy/sr
15.639329228706853,979.315921359592,8.58808190264387,2,micron,MJy/sr
15.641789209680493,980.3826090494791,9.170555909329956,2,micron,MJy/sr
15.644249190654135,978.8778008355034,9.652736421806113,2,micron,MJy/sr
15.646709171627776,979.376963297526,9.819652693372328,2,micron,MJy/sr
15.649169152601418,975.8791130913628,9.664342200048917,2,micron,MJy/sr
15.651629133575058,975.7289157443577,8.976156807943399,2,micron,MJy/sr
15.6540891145487,978.7015245225695,8.860970771292125,2,micron,MJy/sr
15.656549095522342,979.3145514594185,8.57598240332167,2,micron,MJy/sr
15.659009076495984,974.4552408854166,8.957786874084418,2,micron,MJy/sr
15.661469057469626,973.4778883192274,9.35670265224803,2,micron,MJy/sr
15.663929038443266,974.8015204535591,9.871370795581338,2,micron,MJy/sr
15.666389019416908,979.1832038031685,10.069189491782462,2,micron,MJy/sr
15.66884900039055,979.1131659613716,9.518775947221474,2,micron,MJy/sr
15.671308981364191,979.388905843099,9.39990568229632,2,micron,MJy/sr
15.673768962337832,982.332777235243,8.797483584036117,2,micron,MJy/sr
15.676228943311473,984.1425069173177,8.93845660063472,2,micron,MJy/sr
15.678688924285115,980.5550198025173,8.899051892476812,2,micron,MJy/sr
15.681148905258757,983.4515618218315,9.514343681422822,2,micron,MJy/sr
15.683608886232397,984.4041069878472,9.902678673853993,2,micron,MJy/sr
15.686068867206039,981.1606614854601,9.606099538230053,2,micron,MJy/sr
15.688528848179681,984.1346571180555,9.875346454446865,2,micron,MJy/sr
15.690988829153323,985.3656277126736,9.404032197121266,2,micron,MJy/sr
15.693448810126965,985.3492499457466,9.223657562537984,2,micron,MJy/sr
15.695908791100605,985.2373792860243,8.869426060805996,2,micron,MJy/sr
15.698368772074247,981.7460293240017,9.094288862292027,2,micron,MJy/sr
15.700828753047888,987.9018147786459,9.55442458808429,2,micron,MJy/sr
15.70328873402153,986.0763583713108,9.675489697810782,2,micron,MJy/sr
15.70574871499517,983.6214158799913,9.88281338821704,2,micron,MJy/sr
15.708208695968812,986.4923807779948,9.564681710051062,2,micron,MJy/sr
15.710668676942454,990.462894015842,9.496644133168001,2,micron,MJy/sr
15.713128657916096,989.1728108723959,8.894328447470784,2,micron,MJy/sr
15.715588638889736,990.4712558322483,8.778165689329613,2,micron,MJy/sr
15.718048619863378,994.5005900065104,9.093491097627389,2,micron,MJy/sr
15.72050860083702,997.966786702474,9.651823928343479,2,micron,MJy/sr
15.722968581810662,996.0512084960938,9.966445765121543,2,micron,MJy/sr
15.725428562784302,989.3296474880642,9.634923258480988,2,micron,MJy/sr
15.727888543757944,996.3191324869791,9.693202247868834,2,micron,MJy/sr
15.730348524731586,996.0172526041666,9.156575309321292,2,micron,MJy/sr
15.732808505705227,998.5594177246094,8.904445274976242,2,micron,MJy/sr
15.73526848667887,1002.8985053168403,8.840809882640214,2,micron,MJy/sr
15.73772846765251,1004.9998711480034,9.200104140254687,2,micron,MJy/sr
15.740188448626151,1001.112552218967,9.79622247236208,2,micron,MJy/sr
15.742648429599793,1005.4765082465278,9.840485690355418,2,micron,MJy/sr
15.745108410573435,1007.7646925184462,10.027357795142274,2,micron,MJy/sr
15.747568391547075,1009.5584615071615,9.35757629154431,2,micron,MJy/sr
15.750028372520717,1002.7512478298611,9.442138070934405,2,micron,MJy/sr
15.752488353494359,1001.0994873046875,8.985239897312146,2,micron,MJy/sr
15.754948334468,1006.0248277452257,9.072460122510588,2,micron,MJy/sr
15.75740831544164,1007.9715813530815,9.558577850262292,2,micron,MJy/sr
15.759868296415283,1001.759996202257,9.623481796564324,2,micron,MJy/sr
15.762328277388924,1004.8851962619358,10.300554816125073,2,micron,MJy/sr
15.764788258362566,1004.6822340223524,9.723572593154124,2,micron,MJy/sr
15.767248239336208,1007.3155687120226,9.774135640664495,2,micron,MJy/sr
15.769708220309848,1004.0020073784722,9.250945024740853,2,micron,MJy/sr
15.77216820128349,1007.5287339952257,9.382601980547047,2,micron,MJy/sr
15.774628182257132,1009.6388787163628,9.343602456657498,2,micron,MJy/sr
15.777088163230774,1012.5707329644097,9.41162050646451,2,micron,MJy/sr
15.779548144204414,1014.2855902777778,10.26856885319079,2,micron,MJy/sr
15.782008125178056,1009.2275187174479,9.954471034077796,2,micron,MJy/sr
15.784468106151698,1015.026879204644,10.03067914484167,2,micron,MJy/sr
15.78692808712534,1009.9915941026476,9.176907465004165,2,micron,MJy/sr
15.78938806809898,1011.6512925889757,9.238142737079627,2,micron,MJy/sr
15.791848049072621,1014.5931430392795,9.393822007750316,2,micron,MJy/sr
15.794308030046263,1016.9847106933594,9.691691557137151,2,micron,MJy/sr
15.796768011019905,1018.584716796875,9.937138394355614,2,micron,MJy/sr
15.799227991993545,1020.6700541178385,10.070233443611414,2,micron,MJy/sr
15.801687972967187,1020.0808614095052,10.544391725053604,2,micron,MJy/sr
15.804147953940829,1021.6716918945312,9.790264010202028,2,micron,MJy/sr
15.80660793491447,1020.6854315863716,9.51390192456918,2,micron,MJy/sr
15.809067915888113,1020.7276000976562,9.113232509406265,2,micron,MJy/sr
15.811527896861753,1027.288038465712,9.38349489833633,2,micron,MJy/sr
15.813987877835395,1023.0694003634983,9.741945429451041,2,micron,MJy/sr
15.816447858809036,1021.3978237575955,10.032019373991629,2,micron,MJy/sr
15.818907839782678,1026.0759141710068,10.628606461340237,2,micron,MJy/sr
15.821367820756318,1029.7734680175781,9.934061642026336,2,micron,MJy/sr
15.82382780172996,1031.4528198242188,9.969406421408515,2,micron,MJy/sr
15.826287782703602,1026.2414957682292,9.178110680042968,2,micron,MJy/sr
15.828747763677244,1033.2189500596787,9.087575032036279,2,micron,MJy/sr
15.831207744650884,1037.5267300075955,9.206320074324193,2,micron,MJy/sr
15.833667725624526,1034.3660549587673,9.615555035194149,2,micron,MJy/sr
15.836127706598168,1038.895043267144,10.432389974890931,2,micron,MJy/sr
15.83858768757181,1044.7964511447483,10.556367030912305,2,micron,MJy/sr
15.84104766854545,1042.3353441026475,10.81077798367622,2,micron,MJy/sr
15.843507649519092,1035.4454684787327,10.115559509758613,2,micron,MJy/sr
15.845967630492733,1040.9462890625,9.86254352057479,2,micron,MJy/sr
15.848427611466375,1040.6043565538193,9.171504577930701,2,micron,MJy/sr
15.850887592440017,1041.8305562337239,9.03231507651771,2,micron,MJy/sr
15.853347573413657,1038.432813856337,9.504907630595838,2,micron,MJy/sr
15.8558075543873,1038.7313130696614,9.903233181628323,2,micron,MJy/sr
15.858267535360941,1044.4427591959636,10.649903361556252,2,micron,MJy/sr
15.860727516334583,1044.470479329427,10.249372508083363,2,micron,MJy/sr
15.863187497308223,1042.4352043999565,10.274380237360925,2,micron,MJy/sr
15.865647478281865,1048.951171875,10.004001873050585,2,micron,MJy/sr
15.868107459255507,1051.840552435981,9.708320043200748,2,micron,MJy/sr
15.870567440229149,1050.6515096028645,9.430324814005635,2,micron,MJy/sr
15.873027421202789,1051.6870897081162,9.433672996638734,2,micron,MJy/sr
15.87548740217643,1048.8829684787327,9.799440997346094,2,micron,MJy/sr
15.877947383150072,1047.6873948838975,9.915130155799758,2,micron,MJy/sr
15.880407364123714,1044.83982679579,10.357812612276202,2,micron,MJy/sr
15.882867345097356,1040.5289611816406,9.903721893305546,2,micron,MJy/sr
15.885327326070996,1038.7421366373699,9.949844906642124,2,micron,MJy/sr
15.887787307044638,1041.9726019965278,9.680527163838592,2,micron,MJy/sr
15.89024728801828,1041.3733995225693,9.515755410510057,2,micron,MJy/sr
15.892707268991922,1044.8221876356338,9.706294754822101,2,micron,MJy/sr
15.895167249965562,1049.1773546006943,9.778741155332185,2,micron,MJy/sr
15.897627230939204,1044.0835367838542,9.926378075724731,2,micron,MJy/sr
15.900087211912846,1041.7592061360676,9.754031789579766,2,micron,MJy/sr
15.902547192886487,1043.1862657335068,10.038486901108294,2,micron,MJy/sr
15.905007173860128,1045.95066663954,9.908875093423836,2,micron,MJy/sr
15.90746715483377,1051.7830437554253,10.086518793810402,2,micron,MJy/sr
15.909927135807411,1050.3234558105469,10.207468982803222,2,micron,MJy/sr
15.912387116781053,1051.4864501953125,10.072913607443224,2,micron,MJy/sr
15.914847097754693,1053.280758327908,10.29064015460912,2,micron,MJy/sr
15.917307078728335,1046.9564378526475,9.875777354426116,2,micron,MJy/sr
15.919767059701977,1049.4715169270833,10.303335833523494,2,micron,MJy/sr
15.922227040675619,1047.7679172092014,9.853779236747007,2,micron,MJy/sr
15.92468702164926,1049.7390475802952,10.129164806221969,2,micron,MJy/sr
15.9271470026229,1053.8037482367622,10.337304299479591,2,micron,MJy/sr
15.929606983596543,1054.2182278103298,10.525629946845205,2,micron,MJy/sr
15.932066964570184,1063.8011305067275,10.821778564410486,2,micron,MJy/sr
15.934526945543826,1061.8256462944878,10.306464951655608,2,micron,MJy/sr
15.936986926517466,1054.3225741916233,10.714959869454807,2,micron,MJy/sr
15.939446907491108,1056.5829976399739,10.687831083685287,2,micron,MJy/sr
15.94190688846475,1062.507541232639,10.498620207397561,2,micron,MJy/sr
15.944366869438392,1061.8608805338542,10.235200429065738,2,micron,MJy/sr
15.946826850412032,1057.9283074273003,10.442095115776977,2,micron,MJy/sr
15.949286831385674,1064.0372382269966,11.190274778156008,2,micron,MJy/sr
15.951746812359316,1065.6038208007812,11.792550125454259,2,micron,MJy/sr
15.954206793332958,1061.5237223307292,11.839761044471224,2,micron,MJy/sr
15.956666774306598,1058.6486239963108,11.369477722781703,2,micron,MJy/sr
15.95912675528024,1065.8389790852864,11.141937766180394,2,micron,MJy/sr
15.961586736253881,1064.2888047960068,10.61606747066762,2,micron,MJy/sr
15.964046717227523,1060.9826524522568,9.981107867432009,2,micron,MJy/sr
15.966506698201165,1062.469262017144,9.044996261894083,2,micron,MJy/sr
15.968966679174805,1064.07615492079,9.400485074445383,2,micron,MJy/sr
15.971426660148447,1065.9833407931858,10.14651669094022,2,micron,MJy/sr
15.973886641122089,1062.7057766384548,10.48522470393839,2,micron,MJy/sr
15.97634662209573,1061.423821343316,11.128264518302545,2,micron,MJy/sr
15.978806603069371,1070.6205444335938,10.434371799198159,2,micron,MJy/sr
15.981266584043013,1067.6151496039497,10.268816157732502,2,micron,MJy/sr
15.983726565016655,1067.1783040364583,9.48777445961597,2,micron,MJy/sr
15.986186545990297,1069.9838426378037,9.258510808024491,2,micron,MJy/sr
15.988646526963937,1075.4932386610244,9.203344134509619,2,micron,MJy/sr
15.991106507937578,1075.3806762695312,9.366866751584903,2,micron,MJy/sr
15.99356648891122,1070.6571248372395,10.061993994555896,2,micron,MJy/sr
15.996026469884862,1068.1563958062065,10.472137958116676,2,micron,MJy/sr
15.998486450858504,1076.9503614637588,11.01649701897004,2,micron,MJy/sr
16.000946431832144,1078.5965983072917,10.623590218270316,2,micron,MJy/sr
16.003406412805788,1078.7640380859375,10.351564822506345,2,micron,MJy/sr
16.005866393779428,1077.8764953613281,9.603135447860843,2,micron,MJy/sr
16.008326374753068,1081.503882514106,9.336327060002015,2,micron,MJy/sr
16.01078635572671,1080.1049363878037,9.409270321922678,2,micron,MJy/sr
16.01324633670035,1075.1422492133247,9.635271124253482,2,micron,MJy/sr
16.015706317673992,1079.237308078342,10.432310954420108,2,micron,MJy/sr
16.018166298647635,1084.1599494086372,10.9383291370124,2,micron,MJy/sr
16.020626279621276,1078.9253879123264,11.602152488445816,2,micron,MJy/sr
16.02308626059492,1077.5762159559463,11.323359509711521,2,micron,MJy/sr
16.02554624156856,1079.9877556694878,10.722721880086235,2,micron,MJy/sr
16.0280062225422,1082.110616048177,9.823999077967088,2,micron,MJy/sr
16.030466203515843,1082.9649386935764,9.37521680462408,2,micron,MJy/sr
16.032926184489483,1082.6775682237412,9.616151178226463,2,micron,MJy/sr
16.035386165463127,1082.4609476725261,9.716314670036292,2,micron,MJy/sr
16.037846146436767,1089.4518093532986,10.306465408714528,2,micron,MJy/sr
16.040306127410407,1083.946550157335,10.252291892684603,2,micron,MJy/sr
16.04276610838405,1083.0299072265625,10.864748324070582,2,micron,MJy/sr
16.04522608935769,1082.736555311415,10.76436090102242,2,micron,MJy/sr
16.04768607033133,1085.8015509711372,10.541992078465212,2,micron,MJy/sr
16.050146051304974,1078.3983391655815,10.080169839564535,2,micron,MJy/sr
16.052606032278614,1081.739725748698,9.733129191377802,2,micron,MJy/sr
16.055066013252258,1082.6512925889756,9.688968219443955,2,micron,MJy/sr
16.057525994225898,1085.014909532335,9.505258867799524,2,micron,MJy/sr
16.059985975199538,1083.7706264919705,9.917849189868617,2,micron,MJy/sr
16.062445956173182,1083.8773803710938,9.973086263738342,2,micron,MJy/sr
16.064905937146822,1086.4725646972656,10.26629091706485,2,micron,MJy/sr
16.067365918120462,1088.4078436957466,10.260240132063442,2,micron,MJy/sr
16.069825899094106,1085.6776394314236,10.557729672317025,2,micron,MJy/sr
16.072285880067746,1088.1488579644097,10.587697975477122,2,micron,MJy/sr
16.07474586104139,1084.2170749240452,10.227088985066429,2,micron,MJy/sr
16.07720584201503,1084.2355211046006,10.186583372503765,2,micron,MJy/sr
16.07966582298867,1082.4588996039497,9.817587941922213,2,micron,MJy/sr
16.082125803962313,1085.918229844835,10.035896464375197,2,micron,MJy/sr
16.084585784935953,1086.8267584906685,9.754577562386205,2,micron,MJy/sr
16.087045765909597,1081.10841539171,9.80091060065981,2,micron,MJy/sr
16.089505746883237,1088.016360812717,9.943719236634184,2,micron,MJy/sr
16.091965727856877,1087.5324808756511,10.429050629991927,2,micron,MJy/sr
16.09442570883052,1092.680413140191,10.671153874305476,2,micron,MJy/sr
16.09688568980416,1088.9638129340278,10.536815063905772,2,micron,MJy/sr
16.0993456707778,1085.083275689019,11.043233426542953,2,micron,MJy/sr
16.101805651751445,1092.7073940700955,10.683091084422559,2,micron,MJy/sr
16.104265632725085,1093.5801696777344,10.505078398913028,2,micron,MJy/sr
16.10672561369873,1091.0062391493057,9.81225430335259,2,micron,MJy/sr
16.10918559467237,1093.2409091525608,10.126417563152097,2,micron,MJy/sr
16.11164557564601,1103.1661953396267,10.050020369692364,2,micron,MJy/sr
16.114105556619652,1095.846418592665,10.079310847123754,2,micron,MJy/sr
16.116565537593292,1088.393561469184,10.432250321072516,2,micron,MJy/sr
16.119025518566936,1091.2603318956162,10.895432389215143,2,micron,MJy/sr
16.121485499540576,1104.2562696668838,11.312770524598992,2,micron,MJy/sr
16.123945480514216,1105.4261067708333,10.79406470584861,2,micron,MJy/sr
16.12640546148786,1094.7288140190972,11.063639822115501,2,micron,MJy/sr
16.1288654424615,1098.6072489420574,10.480293997667516,2,micron,MJy/sr
16.13132542343514,1111.1089782714844,10.424577164372552,2,micron,MJy/sr
16.133785404408783,1111.7492980957031,9.806894078804781,2,micron,MJy/sr
16.136245385382423,1106.3956875271267,9.777680338279264,2,micron,MJy/sr
16.138705366356067,1103.8953280978733,10.10562441093988,2,micron,MJy/sr
16.141165347329707,1108.9630974663628,10.43796623937922,2,micron,MJy/sr
16.143625328303347,1109.7357347276475,10.831622485920716,2,micron,MJy/sr
16.14608530927699,1108.0690273708767,10.542894536466465,2,micron,MJy/sr
16.14854529025063,1104.6869676378037,10.574442991165204,2,micron,MJy/sr
16.151005271224275,1114.1755913628472,10.18397275768816,2,micron,MJy/sr
16.153465252197915,1105.3456454806858,10.039019340203247,2,micron,MJy/sr
16.155925233171555,1103.7289360894097,9.744844397322101,2,micron,MJy/sr
16.1583852141452,1111.7871704101562,9.753272678022281,2,micron,MJy/sr
16.16084519511884,1113.1566060384114,9.719164542324672,2,micron,MJy/sr
16.16330517609248,1113.6562940809463,9.681352262512737,2,micron,MJy/sr
16.165765157066122,1110.8623352050781,10.306998020869722,2,micron,MJy/sr
16.168225138039762,1110.0099182128906,10.429826854758398,2,micron,MJy/sr
16.170685119013406,1118.7419942220051,10.883684973834747,2,micron,MJy/sr
16.173145099987046,1111.4952663845486,10.2530352051874,2,micron,MJy/sr
16.175605080960686,1114.8621893988716,10.516330940475026,2,micron,MJy/sr
16.17806506193433,1118.4784647623699,10.50935630648166,2,micron,MJy/sr
16.18052504290797,1119.924092610677,10.40036825878054,2,micron,MJy/sr
16.18298502388161,1116.4800686306423,9.739619459347928,2,micron,MJy/sr
16.185445004855254,1116.7114630805122,9.720370543272304,2,micron,MJy/sr
16.187904985828894,1121.207811143663,10.123199545120807,2,micron,MJy/sr
16.190364966802537,1124.5458306206597,10.276310254171186,2,micron,MJy/sr
16.192824947776177,1124.297831217448,10.94851995968863,2,micron,MJy/sr
16.195284928749818,1116.6322428385417,10.828369047653789,2,micron,MJy/sr
16.19774490972346,1127.2453748914932,11.035286465043173,2,micron,MJy/sr
16.2002048906971,1137.0266757541233,10.465954253852566,2,micron,MJy/sr
16.202664871670745,1142.2286105685764,10.44171571816916,2,micron,MJy/sr
16.205124852644385,1151.5066799587673,10.235839854460043,2,micron,MJy/sr
16.207584833618025,1156.7683817545574,10.488205466996122,2,micron,MJy/sr
16.21004481459167,1148.7426350911458,10.34393342889272,2,micron,MJy/sr
16.21250479556531,1133.4212070041233,10.04544310041831,2,micron,MJy/sr
16.21496477653895,1131.2184312608506,10.483204484665446,2,micron,MJy/sr
16.217424757512592,1136.0380181206597,10.76726564520475,2,micron,MJy/sr
16.219884738486233,1141.1216905381943,11.197515477350878,2,micron,MJy/sr
16.222344719459876,1138.509494357639,10.790291724671551,2,micron,MJy/sr
16.224804700433516,1137.9519992404514,10.957315086408519,2,micron,MJy/sr
16.227264681407156,1145.1713426378037,10.54703972999317,2,micron,MJy/sr
16.2297246623808,1146.3900553385417,10.285467942710236,2,micron,MJy/sr
16.23218464335444,1142.5546061197917,9.808337880083743,2,micron,MJy/sr
16.234644624328084,1143.8968438042534,9.956582558492231,2,micron,MJy/sr
16.237104605301724,1147.1851230197483,10.366601888337112,2,micron,MJy/sr
16.239564586275364,1152.3536919487847,10.422295952878558,2,micron,MJy/sr
16.242024567249008,1147.3006557888455,10.811986751944831,2,micron,MJy/sr
16.244484548222648,1146.0191989474827,10.81001029395441,2,micron,MJy/sr
16.246944529196288,1155.1290995279949,11.34331105342736,2,micron,MJy/sr
16.24940451016993,1155.4307861328125,10.921834095384064,2,micron,MJy/sr
16.25186449114357,1149.2069295247395,10.774772695782623,2,micron,MJy/sr
16.254324472117215,1151.0125223795574,10.296561119016147,2,micron,MJy/sr
16.256784453090855,1154.1307746039497,10.207448437165226,2,micron,MJy/sr
16.259244434064495,1160.4003126356338,9.915241065097394,2,micron,MJy/sr
16.26170441503814,1153.4109632703994,9.685477185544485,2,micron,MJy/sr
16.26416439601178,1153.2864651150173,10.209933501272271,2,micron,MJy/sr
16.266624376985423,1160.5084703233506,10.616036058079194,2,micron,MJy/sr
16.269084357959063,1163.728318956163,10.910239484841517,2,micron,MJy/sr
16.271544338932703,1159.844011094835,10.609756207398158,2,micron,MJy/sr
16.274004319906346,1160.0397644042969,11.120739856130859,2,micron,MJy/sr
16.276464300879987,1172.0423380533855,11.09596022530067,2,micron,MJy/sr
16.278924281853627,1179.1687961154514,11.087816542403585,2,micron,MJy/sr
16.28138426282727,1169.7669406467014,10.545797710878075,2,micron,MJy/sr
16.28384424380091,1171.148674858941,10.268719069268728,2,micron,MJy/sr
16.286304224774554,1185.3657769097222,10.294876249741916,2,micron,MJy/sr
16.288764205748194,1191.3192036946614,9.89951726801725,2,micron,MJy/sr
16.291224186721834,1183.8289015028213,10.065333179082325,2,micron,MJy/sr
16.293684167695478,1187.8579644097222,10.420025000197542,2,micron,MJy/sr
16.296144148669118,1196.0254991319443,11.151346086383075,2,micron,MJy/sr
16.298604129642758,1201.4615953233506,11.123839779947518,2,micron,MJy/sr
16.3010641106164,1201.650641547309,11.223967194283906,2,micron,MJy/sr
16.30352409159004,1202.552727593316,11.335499299935206,2,micron,MJy/sr
16.305984072563685,1217.256639268663,11.646042812785184,2,micron,MJy/sr
16.308444053537325,1219.3375447591145,11.146835708871302,2,micron,MJy/sr
16.310904034510965,1214.091569688585,10.667333580114676,2,micron,MJy/sr
16.31336401548461,1212.2701043023003,10.474521115902757,2,micron,MJy/sr
16.31582399645825,1220.7960747612847,10.355296646536514,2,micron,MJy/sr
16.318283977431893,1227.8011271158855,10.31598085364715,2,micron,MJy/sr
16.320743958405533,1224.6990424262153,10.285509785238363,2,micron,MJy/sr
16.323203939379173,1223.617414686415,10.899012438952543,2,micron,MJy/sr
16.325663920352817,1237.037838406033,11.379687424664285,2,micron,MJy/sr
16.328123901326457,1241.2998962402344,11.43770877801346,2,micron,MJy/sr
16.330583882300097,1230.8214789496528,11.283396497730532,2,micron,MJy/sr
16.33304386327374,1237.2466261121963,11.828996415376647,2,micron,MJy/sr
16.33550384424738,1256.4036933051216,11.916714138619076,2,micron,MJy/sr
16.337963825221024,1260.055636935764,11.295946897036686,2,micron,MJy/sr
16.340423806194664,1250.3542921278213,10.764467617616159,2,micron,MJy/sr
16.342883787168304,1256.9860500759548,10.749342876756929,2,micron,MJy/sr
16.345343768141948,1274.1075269911025,10.984734618953304,2,micron,MJy/sr
16.347803749115588,1277.4418504503037,10.707105045996908,2,micron,MJy/sr
16.35026373008923,1274.0188700358074,10.793427495806787,2,micron,MJy/sr
16.352723711062872,1280.0901523166233,11.310082161776219,2,micron,MJy/sr
16.355183692036512,1297.0756937662761,11.818902671016644,2,micron,MJy/sr
16.357643673010156,1310.1399536132812,11.548977091426114,2,micron,MJy/sr
16.360103653983796,1299.3227437337239,11.543942411921533,2,micron,MJy/sr
16.362563634957436,1305.2549777560764,11.991941256466735,2,micron,MJy/sr
16.36502361593108,1321.5227864583333,12.490744951041721,2,micron,MJy/sr
16.36748359690472,1337.0547519259983,12.066962645441155,2,micron,MJy/sr
16.369943577878363,1330.3843858506943,11.555507698062833,2,micron,MJy/sr
16.372403558852003,1336.289527045356,11.684926974625263,2,micron,MJy/sr
16.374863539825643,1353.9905531141494,11.958445519818532,2,micron,MJy/sr
16.377323520799287,1372.4920654296875,11.776293617381025,2,micron,MJy/sr
16.379783501772927,1371.3289794921875,11.626013238990094,2,micron,MJy/sr
16.38224348274657,1384.1331244574653,12.126110974298287,2,micron,MJy/sr
16.38470346372021,1409.553175184462,12.350192291724401,2,micron,MJy/sr
16.38716344469385,1429.5608350965713,12.213684826846112,2,micron,MJy/sr
16.389623425667494,1426.3824225531685,12.010056516327227,2,micron,MJy/sr
16.392083406641135,1427.051276312934,12.518457363799588,2,micron,MJy/sr
16.394543387614775,1447.018558078342,13.274899584602302,2,micron,MJy/sr
16.39700336858842,1465.126976860894,13.428209378226931,2,micron,MJy/sr
16.39946334956206,1453.4800448947483,12.88444447872646,2,micron,MJy/sr
16.401923330535702,1448.8501790364583,13.147940312216583,2,micron,MJy/sr
16.404383311509342,1461.633104112413,13.405832914672763,2,micron,MJy/sr
16.406843292482982,1478.0266757541233,13.192427680726155,2,micron,MJy/sr
16.409303273456626,1470.6491563585068,12.410096772937543,2,micron,MJy/sr
16.411763254430266,1465.1903483072917,12.630040882253022,2,micron,MJy/sr
16.414223235403906,1474.9824557834202,12.462528857055343,2,micron,MJy/sr
16.41668321637755,1486.2931043836807,12.103549605570622,2,micron,MJy/sr
16.41914319735119,1480.07423570421,11.67582959284574,2,micron,MJy/sr
16.421603178324833,1470.2400512695312,11.96109106241725,2,micron,MJy/sr
16.424063159298473,1480.8868882921006,12.812461256138105,2,micron,MJy/sr
16.426523140272113,1485.1752251519097,13.175584461436893,2,micron,MJy/sr
16.428983121245757,1474.4856058756511,13.337059428819432,2,micron,MJy/sr
16.431443102219397,1468.4290398491753,13.602306345748548,2,micron,MJy/sr
16.43390308319304,1477.822028266059,14.367496166802846,2,micron,MJy/sr
16.43636306416668,1500.073506673177,13.790968086674003,2,micron,MJy/sr
16.43882304514032,1490.9354587131077,12.852207374518725,2,micron,MJy/sr
16.441283026113965,1478.362840440538,12.542123130060151,2,micron,MJy/sr
16.443743007087605,1492.7225206163193,12.648330814168112,2,micron,MJy/sr
16.446202988061245,1504.0653550889756,11.796334072533707,2,micron,MJy/sr
16.44866296903489,1496.2308654785156,11.341321837443095,2,micron,MJy/sr
16.45112295000853,1479.7887301974827,11.328506636726937,2,micron,MJy/sr
16.453582930982172,1476.91892835829,11.882132867501612,2,micron,MJy/sr
16.456042911955812,1487.4952426486545,12.523675505615142,2,micron,MJy/sr
16.458502892929452,1480.8042399088542,12.562806329519686,2,micron,MJy/sr
16.460962873903096,1459.9203525119358,13.36560729438474,2,micron,MJy/sr
16.463422854876736,1455.3729180230034,14.431722191258197,2,micron,MJy/sr
16.46588283585038,1472.6599222819011,14.466825030910654,2,micron,MJy/sr
16.46834281682402,1463.8156127929688,13.162459337877783,2,micron,MJy/sr
16.47080279779766,1442.7982584635417,12.934633694833112,2,micron,MJy/sr
16.473262778771304,1443.9345194498699,12.764444748498804,2,micron,MJy/sr
16.475722759744944,1452.9573771158855,12.126842511612486,2,micron,MJy/sr
16.478182740718584,1446.7527906629775,11.067435625278407,2,micron,MJy/sr
16.480642721692227,1429.6516960991753,10.879912365368712,2,micron,MJy/sr
16.483102702665867,1424.1940782335068,11.216208203222308,2,micron,MJy/sr
16.48556268363951,1436.6312900119358,11.787875856966972,2,micron,MJy/sr
16.48802266461315,1434.6300252278645,11.841714215545384,2,micron,MJy/sr
16.49048264558679,1414.6619262695312,11.934847162903614,2,micron,MJy/sr
16.492942626560435,1411.461473253038,13.046321233984852,2,micron,MJy/sr
16.495402607534075,1423.6565992567275,13.548402842375827,2,micron,MJy/sr
16.49786258850772,1432.2047051323784,13.286436184837562,2,micron,MJy/sr
16.50032256948136,1398.6028747558594,12.48746839971559,2,micron,MJy/sr
16.502782550455,1389.7699347601997,12.795905259318058,2,micron,MJy/sr
16.505242531428642,1404.7912699381511,12.723903615088888,2,micron,MJy/sr
16.507702512402282,1406.6466335720486,11.916541181806474,2,micron,MJy/sr
16.510162493375923,1384.35646226671,11.077961222544468,2,micron,MJy/sr
16.512622474349566,1377.1716918945312,11.346384611178353,2,micron,MJy/sr
16.515082455323206,1392.081739637587,11.707695107296399,2,micron,MJy/sr
16.51754243629685,1395.4951612684463,11.500630016254346,2,micron,MJy/sr
16.52000241727049,1378.157006157769,11.281407921109913,2,micron,MJy/sr
16.52246239824413,1360.2421468098958,11.715919041521117,2,micron,MJy/sr
16.524922379217774,1369.364013671875,12.350676254548638,2,micron,MJy/sr
16.527382360191414,1385.3240390353733,12.179712130225322,2,micron,MJy/sr
16.529842341165054,1368.718729654948,11.99071721844849,2,micron,MJy/sr
16.532302322138698,1347.6321987575955,11.951793139760369,2,micron,MJy/sr
16.534762303112338,1360.5810546875,12.438396777002783,2,micron,MJy/sr
16.53722228408598,1374.8440687391494,11.908125139486229,2,micron,MJy/sr
16.53968226505962,1359.2081604003906,11.337487039007712,2,micron,MJy/sr
16.54214224603326,1343.3504197862412,11.285108948795008,2,micron,MJy/sr
16.544602227006905,1352.0856255425347,11.993533601778925,2,micron,MJy/sr
16.547062207980545,1361.6783650716145,11.988769975828374,2,micron,MJy/sr
16.54952218895419,1352.9576110839844,11.37768172385085,2,micron,MJy/sr
16.55198216992783,1335.0562778049045,11.476517646683941,2,micron,MJy/sr
16.55444215090147,1342.8453911675347,12.159821089627155,2,micron,MJy/sr
16.556902131875113,1358.7684495713975,12.146920367049391,2,micron,MJy/sr
16.559362112848753,1352.9547492133247,11.321338023251965,2,micron,MJy/sr
16.561822093822393,1331.6406690809463,11.42847634168597,2,micron,MJy/sr
16.564282074796036,1327.374220106337,11.644312962888955,2,micron,MJy/sr
16.566742055769677,1348.4782613118489,12.035135189643407,2,micron,MJy/sr
16.56920203674332,1353.1488206651475,11.569210348934746,2,micron,MJy/sr
16.57166201771696,1331.6892632378472,11.474130540940468,2,micron,MJy/sr
16.5741219986906,1331.6187201605903,11.547040672370978,2,micron,MJy/sr
16.576581979664244,1354.8944329155815,12.05471051159847,2,micron,MJy/sr
16.579041960637884,1349.9560445149739,11.492694018561963,2,micron,MJy/sr
16.581501941611528,1331.036865234375,11.3111979555245,2,micron,MJy/sr
16.583961922585168,1328.410868326823,11.977390449611073,2,micron,MJy/sr
16.586421903558808,1345.7064107259114,12.474938267963662,2,micron,MJy/sr
16.58888188453245,1355.7364095052083,11.8226651616857,2,micron,MJy/sr
16.59134186550609,1335.080786810981,11.218610429074792,2,micron,MJy/sr
16.59380184647973,1326.6161363389756,11.37783510901554,2,micron,MJy/sr
16.596261827453375,1343.236589219835,11.541343924079047,2,micron,MJy/sr
16.598721808427015,1353.7711520724827,11.225673525016026,2,micron,MJy/sr
16.60118178940066,1334.854000515408,10.805104007995675,2,micron,MJy/sr
16.6036417703743,1325.6168246799045,11.415984534226787,2,micron,MJy/sr
16.60610175134794,1336.1219177246094,12.10113556330122,2,micron,MJy/sr
16.608561732321583,1356.6692945692275,12.172699782869689,2,micron,MJy/sr
16.611021713295223,1341.0177883572048,11.629417647293483,2,micron,MJy/sr
16.613481694268867,1322.145948621962,11.681500564247056,2,micron,MJy/sr
16.615941675242507,1339.7008124457466,12.411918861442876,2,micron,MJy/sr
16.618401656216147,1358.2217915852864,12.308087127474701,2,micron,MJy/sr
16.62086163718979,1346.4119160970051,11.498050458667183,2,micron,MJy/sr
16.62332161816343,1334.134253607856,11.434658896138206,2,micron,MJy/sr
16.62578159913707,1336.337164984809,11.967999735267608,2,micron,MJy/sr
16.628241580110714,1353.0187208387588,12.026742077670402,2,micron,MJy/sr
16.630701561084354,1350.1365763346355,11.290246876591528,2,micron,MJy/sr
16.633161542057998,1330.7764214409722,11.07809327265747,2,micron,MJy/sr
16.635621523031638,1329.7557813856338,11.601027887444438,2,micron,MJy/sr
16.638081504005278,1351.176805284288,11.94967678392214,2,micron,MJy/sr
16.64054148497892,1362.8187120225693,11.650599046157561,2,micron,MJy/sr
16.643001465952562,1339.1810777452256,11.571331502308631,2,micron,MJy/sr
16.645461446926205,1330.06447007921,12.759378874031784,2,micron,MJy/sr
16.647921427899846,1356.3736300998264,13.320160399338477,2,micron,MJy/sr
16.650381408873486,1371.7073194715713,12.828189090763205,2,micron,MJy/sr
16.65284138984713,1346.1996527777778,11.967938467138206,2,micron,MJy/sr
16.65530137082077,1338.4686787923176,12.358378043547942,2,micron,MJy/sr
16.65776135179441,1360.416751437717,12.556777349148824,2,micron,MJy/sr
16.660221332768053,1379.385718451606,12.021938679096344,2,micron,MJy/sr
16.662681313741693,1359.3212144639756,10.97798339823406,2,micron,MJy/sr
16.665141294715337,1351.1037055121528,11.133477993264737,2,micron,MJy/sr
16.667601275688977,1367.94285413954,11.590221824959361,2,micron,MJy/sr
16.670061256662617,1388.5549960666233,11.572775723424332,2,micron,MJy/sr
16.67252123763626,1382.223409016927,11.233717901314492,2,micron,MJy/sr
16.6749812186099,1360.72312757704,11.59304191457568,2,micron,MJy/sr
16.67744119958354,1374.8275485568577,12.56018111335595,2,micron,MJy/sr
16.679901180557184,1400.8544413248699,12.879559786392015,2,micron,MJy/sr
16.682361161530824,1394.3435974121094,12.390237889099316,2,micron,MJy/sr
16.684821142504468,1370.0831739637588,12.28953968491498,2,micron,MJy/sr
16.687281123478108,1376.154778374566,13.324844665655238,2,micron,MJy/sr
16.68974110445175,1406.8578423394097,13.582476316686988,2,micron,MJy/sr
16.692201085425392,1405.2399088541667,13.007361956718913,2,micron,MJy/sr
16.694661066399032,1378.297844780816,12.261973508859636,2,micron,MJy/sr
16.697121047372676,1386.9853515625,12.81026475863645,2,micron,MJy/sr
16.699581028346316,1412.3299187554253,12.307358117447777,2,micron,MJy/sr
16.702041009319956,1417.754618326823,11.785916494501963,2,micron,MJy/sr
16.7045009902936,1395.9609239366318,10.935030815948588,2,micron,MJy/sr
16.70696097126724,1389.8998718261719,11.478580456882051,2,micron,MJy/sr
16.70942095224088,1404.3446282280815,11.788696452271006,2,micron,MJy/sr
16.711880933214523,1417.7659912109375,11.693659433474437,2,micron,MJy/sr
16.714340914188163,1400.1953870985244,11.251978866374538,2,micron,MJy/sr
16.716800895161807,1387.2273898654514,11.83860716353752,2,micron,MJy/sr
16.719260876135447,1401.8356797960068,12.715708940773972,2,micron,MJy/sr
16.721720857109087,1420.4441019694011,12.791564110993011,2,micron,MJy/sr
16.72418083808273,1404.0648634168838,12.250824451431527,2,micron,MJy/sr
16.72664081905637,1379.8377922905815,12.340458820946054,2,micron,MJy/sr
16.729100800030015,1400.6541137695312,13.505673914462667,2,micron,MJy/sr
16.731560781003655,1422.140116373698,13.243701626744006,2,micron,MJy/sr
16.734020761977295,1415.195827907986,12.775075803824036,2,micron,MJy/sr
16.73648074295094,1390.0366075303818,12.307687647470317,2,micron,MJy/sr
16.73894072392458,1391.5020955403645,13.26670996889032,2,micron,MJy/sr
16.74140070489822,1423.7118835449219,12.841088044129597,2,micron,MJy/sr
16.743860685871862,1424.7272237141926,12.09873055772246,2,micron,MJy/sr
16.746320666845502,1395.7044508192275,11.297814130253704,2,micron,MJy/sr
16.748780647819146,1393.259501139323,12.335412133924935,2,micron,MJy/sr
16.751240628792786,1415.877438015408,12.226336668389138,2,micron,MJy/sr
16.753700609766426,1426.4915500217014,11.89177593314928,2,micron,MJy/sr
16.75616059074007,1409.1760389539932,11.278742958863724,2,micron,MJy/sr
16.75862057171371,1398.2179531521267,11.765287334358954,2,micron,MJy/sr
16.761080552687353,1415.7660997178818,12.476024382483878,2,micron,MJy/sr
16.763540533660994,1429.2388644748264,12.044013733382974,2,micron,MJy/sr
16.766000514634634,1415.4277479383682,11.650619384959992,2,micron,MJy/sr
16.768460495608277,1407.8079528808594,11.926943849369463,2,micron,MJy/sr
16.770920476581917,1418.0515001085068,13.10493196590284,2,micron,MJy/sr
16.773380457555557,1434.2882554796006,12.769318561858812,2,micron,MJy/sr
16.7758404385292,1422.0349494086372,12.371200579148367,2,micron,MJy/sr
16.77830041950284,1392.85498046875,11.965096337116089,2,micron,MJy/sr
16.780760400476485,1399.1291809082031,13.31652432206827,2,micron,MJy/sr
16.783220381450125,1428.698493109809,13.35541334797618,2,micron,MJy/sr
16.785680362423765,1432.7059665256077,12.940656055429693,2,micron,MJy/sr
16.78814034339741,1400.4846598307292,12.097687328947844,2,micron,MJy/sr
16.79060032437105,1390.302727593316,12.73198331771277,2,micron,MJy/sr
16.79306030534469,1423.437452528212,12.642519689133879,2,micron,MJy/sr
16.795520286318332,1434.3919949001736,11.918746322470819,2,micron,MJy/sr
16.797980267291972,1408.6603563096787,11.288953777414543,2,micron,MJy/sr
16.800440248265616,1390.180643717448,11.631696185159518,2,micron,MJy/sr
16.802900229239256,1412.0129970974392,12.058351444759106,2,micron,MJy/sr
16.805360210212896,1429.4489440917969,11.611227676167534,2,micron,MJy/sr
16.80782019118654,1412.5504353841145,11.235900335160917,2,micron,MJy/sr
16.81028017216018,1388.9107632107205,11.202679275816198,2,micron,MJy/sr
16.812740153133824,1402.4395073784722,11.987573723077485,2,micron,MJy/sr
16.815200134107464,1423.9396396213108,11.73130030559221,2,micron,MJy/sr
16.817660115081104,1419.3161010742188,11.61294852662098,2,micron,MJy/sr
16.820120096054747,1395.9625651041667,11.148493930136436,2,micron,MJy/sr
16.822580077028388,1398.3447638617622,12.061935430367813,2,micron,MJy/sr
16.825040058002028,1422.1417914496528,12.224903213477464,2,micron,MJy/sr
16.82750003897567,1432.4644843207466,12.009142160210585,2,micron,MJy/sr
16.82996001994931,1401.6754252115886,11.555324764748573,2,micron,MJy/sr
16.832420000922955,1392.5244920518662,12.560421047827004,2,micron,MJy/sr
16.834879981896595,1419.4392700195312,13.258623268777892,2,micron,MJy/sr
16.837339962870235,1437.3134324815537,12.96035426033786,2,micron,MJy/sr
16.83979994384388,1411.1270718044705,12.365053323139245,2,micron,MJy/sr
16.84225992481752,1395.459225124783,12.989871557941305,2,micron,MJy/sr
16.844719905791163,1416.8894822862412,13.821885123947482,2,micron,MJy/sr
16.847179886764803,1439.7315131293403,13.243963741122855,2,micron,MJy/sr
16.849639867738443,1419.6006639268662,12.403994647156374,2,micron,MJy/sr
16.852099848712086,1401.2444491916233,12.45601144604461,2,micron,MJy/sr
16.854559829685726,1408.3186781141494,13.471881918552885,2,micron,MJy/sr
16.857019810659366,1442.704857720269,13.020096016185661,2,micron,MJy/sr
16.85947979163301,1433.0392456054688,12.289536945015275,2,micron,MJy/sr
16.86193977260665,1411.6285705566406,11.770936181617767,2,micron,MJy/sr
16.864399753580294,1406.6712171766494,12.651888634589557,2,micron,MJy/sr
16.866859734553934,1437.76951429579,12.399613402214548,2,micron,MJy/sr
16.869319715527574,1445.3424513075088,11.88556418433287,2,micron,MJy/sr
16.871779696501218,1424.8623928493923,11.112685812524784,2,micron,MJy/sr
16.874239677474858,1422.6905110677083,11.944047200087587,2,micron,MJy/sr
16.8766996584485,1449.6717258029514,12.346733674434164,2,micron,MJy/sr
16.87915963942214,1466.2311231825088,11.993398331100709,2,micron,MJy/sr
16.88161962039578,1438.955074734158,11.311224964067002,2,micron,MJy/sr
16.884079601369425,1413.9052361382378,11.66328066239247,2,micron,MJy/sr
16.886539582343065,1430.1590915256077,12.565030919342362,2,micron,MJy/sr
16.888999563316705,1458.4309929741753,12.654374019022722,2,micron,MJy/sr
16.89145954429035,1445.891337076823,12.011853073572047,2,micron,MJy/sr
16.89391952526399,1416.4231601291233,12.431849202761452,2,micron,MJy/sr
16.896379506237633,1426.2191331651475,13.74701796210529,2,micron,MJy/sr
16.898839487211273,1463.0020107693142,14.141120403546283,2,micron,MJy/sr
16.901299468184913,1465.5141465928818,13.269706603452159,2,micron,MJy/sr
16.903759449158557,1430.082746717665,12.73163959323878,2,micron,MJy/sr
16.906219430132197,1424.7686089409722,13.79619961893536,2,micron,MJy/sr
16.908679411105837,1456.6424458821614,14.26182898810043,2,micron,MJy/sr
16.91113939207948,1470.7255316840278,13.52913790820326,2,micron,MJy/sr
16.91359937305312,1439.730445014106,12.564102927714616,2,micron,MJy/sr
16.916059354026764,1419.1559549967449,12.935448889491289,2,micron,MJy/sr
16.918519335000404,1449.7631293402778,13.53653258800573,2,micron,MJy/sr
16.920979315974044,1473.8926764594185,12.935165424959928,2,micron,MJy/sr
16.923439296947688,1452.723629421658,11.833727371196767,2,micron,MJy/sr
16.925899277921328,1430.1386311848958,11.964440437971662,2,micron,MJy/sr
16.92835925889497,1438.5923461914062,12.386859166683104,2,micron,MJy/sr
16.93081923986861,1465.7149827745225,12.1575621479842,2,micron,MJy/sr
16.933279220842252,1465.3617519802517,11.30867689735583,2,micron,MJy/sr
16.935739201815895,1441.8051418728298,11.390590363035557,2,micron,MJy/sr
16.938199182789536,1442.2678324381511,12.163672783482582,2,micron,MJy/sr
16.940659163763176,1470.435540093316,12.641754683722617,2,micron,MJy/sr
16.94311914473682,1482.2556864420574,12.077648550683714,2,micron,MJy/sr
16.94557912571046,1458.3760748969185,11.606738396450062,2,micron,MJy/sr
16.948039106684103,1449.0123528374565,12.400317915761654,2,micron,MJy/sr
16.950499087657743,1470.0126953125,13.312514750509763,2,micron,MJy/sr
16.952959068631383,1495.0455356174045,13.10325061076805,2,micron,MJy/sr
16.955419049605027,1473.8879937065972,12.392289090074977,2,micron,MJy/sr
16.957879030578667,1449.8736843532986,12.9226348689747,2,micron,MJy/sr
16.96033901155231,1461.2640991210938,13.96287800386285,2,micron,MJy/sr
16.96279899252595,1494.2738579644097,14.14761266052414,2,micron,MJy/sr
16.96525897349959,1492.221903483073,13.553346139972625,2,micron,MJy/sr
16.967718954473234,1461.2128261990017,12.97594729916787,2,micron,MJy/sr
16.970178935446874,1459.5059712727864,13.607383361144961,2,micron,MJy/sr
16.972638916420514,1497.504889594184,13.548157032803223,2,micron,MJy/sr
16.975098897394158,1512.5786810980903,12.567618062115944,2,micron,MJy/sr
16.977558878367798,1483.8040534125435,11.988663022852949,2,micron,MJy/sr
16.980018859341442,1471.4478691948784,12.126689308194205,2,micron,MJy/sr
16.982478840315082,1496.5136820475261,12.592682162250755,2,micron,MJy/sr
16.984938821288722,1507.5806783040364,12.231415086468175,2,micron,MJy/sr
16.987398802262366,1484.3616536458333,11.355146947563457,2,micron,MJy/sr
16.989858783236006,1470.3532172309028,11.66137017377058,2,micron,MJy/sr
16.99231876420965,1489.1885342068142,12.921923643961854,2,micron,MJy/sr
16.99477874518329,1514.44871351454,13.254544162059165,2,micron,MJy/sr
16.99723872615693,1508.704325358073,12.151623346665529,2,micron,MJy/sr
16.999698707130573,1484.9860500759548,12.281932856206986,2,micron,MJy/sr
17.002158688104213,1479.1842888726128,13.184812364160852,2,micron,MJy/sr
17.004618669077853,1505.4876234266494,14.125841228490447,2,micron,MJy/sr
17.007078650051497,1516.5553317599827,13.001901375508801,2,micron,MJy/sr
17.009538631025137,1489.1996086968315,12.79382641193204,2,micron,MJy/sr
17.01199861199878,1470.6822747124565,13.012201771946113,2,micron,MJy/sr
17.01445859297242,1498.8210822211372,14.13433581122901,2,micron,MJy/sr
17.01691857394606,1526.258348253038,13.290046385036403,2,micron,MJy/sr
17.019378554919705,1519.7422688802083,12.831430011599604,2,micron,MJy/sr
17.021838535893345,1516.816921657986,12.804270647846653,2,micron,MJy/sr
17.024298516866985,1647.6204494900173,14.58663108837808,2,micron,MJy/sr
17.02675849784063,2024.4768744574653,16.49434923117949,2,micron,MJy/sr
17.02921847881427,2514.893541124132,18.86698032454419,2,micron,MJy/sr
17.031678459787912,2608.1846313476562,19.48649913828533,2,micron,MJy/sr
17.034138440761552,2180.274692111545,17.692469876206314,2,micron,MJy/sr
17.036598421735192,1818.8439059787327,15.77944942431361,2,micron,MJy/sr
17.039058402708836,1666.0676947699653,13.777099685578424,2,micron,MJy/sr
17.041518383682476,1588.653327094184,13.194636317345404,2,micron,MJy/sr
17.04397836465612,1532.1792365180122,13.11588791945988,2,micron,MJy/sr
17.04643834562976,1535.2215474446614,14.385115301550881,2,micron,MJy/sr
17.0488983266034,1554.2077060275608,13.355952571162893,2,micron,MJy/sr
17.051358307577043,1537.4959547254775,12.865351126760752,2,micron,MJy/sr
17.053818288550683,1503.1808742947048,12.402525240472421,2,micron,MJy/sr
17.056278269524324,1508.080542670356,13.940402685867769,2,micron,MJy/sr
17.058738250497967,1547.2962239583333,13.8424067558348,2,micron,MJy/sr
17.061198231471607,1549.2335611979167,13.255528880696591,2,micron,MJy/sr
17.06365821244525,1515.152336968316,12.332094871975032,2,micron,MJy/sr
17.06611819341889,1508.4431728786892,13.753063025685801,2,micron,MJy/sr
17.06857817439253,1545.0133938259548,14.218929016687676,2,micron,MJy/sr
17.071038155366175,1556.8937004937065,13.765431749667018,2,micron,MJy/sr
17.073498136339815,1532.6785413953994,12.458868320256451,2,micron,MJy/sr
17.07595811731346,1507.55515882704,13.13842887159344,2,micron,MJy/sr
17.0784180982871,1526.6915418836807,13.665007285012019,2,micron,MJy/sr
17.08087807926074,1556.2564222547744,13.88956650112197,2,micron,MJy/sr
17.083338060234382,1551.4331156412761,12.529971350639167,2,micron,MJy/sr
17.085798041208022,1520.3565572102864,12.573230634371239,2,micron,MJy/sr
17.088258022181662,1519.8067220052083,12.829482060365075,2,micron,MJy/sr
17.090718003155306,1550.8177252875435,13.352903578237283,2,micron,MJy/sr
17.093177984128946,1561.384982638889,12.202707322230525,2,micron,MJy/sr
17.09563796510259,1530.8595614963108,11.933978643298124,2,micron,MJy/sr
17.09809794607623,1516.4520874023438,11.981456842037353,2,micron,MJy/sr
17.10055792704987,1544.960740831163,12.988453891888467,2,micron,MJy/sr
17.103017908023514,1568.5964457194011,12.629412558594542,2,micron,MJy/sr
17.105477888997154,1553.0813632541233,11.924173718901839,2,micron,MJy/sr
17.107937869970797,1521.739498562283,11.915089612160886,2,micron,MJy/sr
17.110397850944437,1524.2285902235244,12.736226745067405,2,micron,MJy/sr
17.112857831918078,1553.3108554416233,13.335284881881115,2,micron,MJy/sr
17.11531781289172,1555.7377421061199,12.608771082655906,2,micron,MJy/sr
17.11777779386536,1530.1083679199219,12.715410213168603,2,micron,MJy/sr
17.120237774839,1516.5553758409287,13.419642011477173,2,micron,MJy/sr
17.122697755812645,1546.6094122992622,14.860987644186855,2,micron,MJy/sr
17.125157736786285,1565.3665737575955,13.855866264131699,2,micron,MJy/sr
17.12761771775993,1538.413821750217,13.472542458406654,2,micron,MJy/sr
17.13007769873357,1522.1057840983074,13.651031109254777,2,micron,MJy/sr
17.13253767970721,1531.573001437717,15.294379948040476,2,micron,MJy/sr
17.134997660680853,1565.7500610351562,14.789359954082379,2,micron,MJy/sr
17.137457641654493,1554.2320760091145,13.949135338271544,2,micron,MJy/sr
17.139917622628133,1522.8942159016926,13.486842805343308,2,micron,MJy/sr
17.142377603601776,1515.718065049913,15.07059149464403,2,micron,MJy/sr
17.144837584575416,1552.360100640191,15.236021251007207,2,micron,MJy/sr
17.14729756554906,1564.7486707899307,14.65189373125189,2,micron,MJy/sr
17.1497575465227,1539.2073872884114,13.336313275498512,2,micron,MJy/sr
17.15221752749634,1511.561231825087,14.338355395533588,2,micron,MJy/sr
17.154677508469984,1536.5487501356338,15.05393177866608,2,micron,MJy/sr
17.157137489443624,1565.4374321831597,14.715342437412685,2,micron,MJy/sr
17.159597470417268,1551.6552836100261,13.256117928467157,2,micron,MJy/sr
17.162057451390908,1523.6576470269097,13.504556448418823,2,micron,MJy/sr
17.164517432364548,1534.7868279351128,14.219956370712877,2,micron,MJy/sr
17.16697741333819,1557.3406372070312,14.266502296533995,2,micron,MJy/sr
17.16943739431183,1569.475145128038,12.864975175062032,2,micron,MJy/sr
17.17189737528547,1535.4784478081597,12.513391861364966,2,micron,MJy/sr
17.174357356259115,1522.8556179470486,13.036569696692,2,micron,MJy/sr
17.176817337232755,1545.6715426974827,14.052878693850277,2,micron,MJy/sr
17.1792773182064,1571.3140563964844,12.9529483292909,2,micron,MJy/sr
17.18173729918004,1558.9276394314236,12.255023728510999,2,micron,MJy/sr
17.18419728015368,1527.8836025661892,12.23591445906914,2,micron,MJy/sr
17.186657261127323,1539.6411641438801,13.452683139339822,2,micron,MJy/sr
17.189117242100963,1565.028049045139,13.152206140738231,2,micron,MJy/sr
17.191577223074606,1565.2662692599827,12.230357097289597,2,micron,MJy/sr
17.194037204048247,1537.702151828342,11.871756755091475,2,micron,MJy/sr
17.196497185021887,1528.0763448079426,12.75008364511914,2,micron,MJy/sr
17.19895716599553,1554.237545437283,13.489590688576053,2,micron,MJy/sr
17.20141714696917,1568.7087097167969,12.789864117770167,2,micron,MJy/sr
17.20387712794281,1551.949266221788,12.228285911968555,2,micron,MJy/sr
17.206337108916454,1524.0245496961807,12.27967412072163,2,micron,MJy/sr
17.208797089890094,1534.4784071180557,13.522712381786784,2,micron,MJy/sr
17.211257070863738,1564.5373975965713,13.184015964876878,2,micron,MJy/sr
17.213717051837378,1556.8511827256943,12.679583796690368,2,micron,MJy/sr
17.216177032811018,1530.438524034288,12.386459104474461,2,micron,MJy/sr
17.21863701378466,1520.0362955729167,13.618432266749828,2,micron,MJy/sr
17.2210969947583,1555.4139879014756,14.093608746786318,2,micron,MJy/sr
17.223556975731945,1577.2760247124565,13.543588199637595,2,micron,MJy/sr
17.226016956705585,1553.358425564236,12.622406611446927,2,micron,MJy/sr
17.228476937679226,1536.0460510253906,13.287164330140545,2,micron,MJy/sr
17.23093691865287,1546.2407836914062,13.91223281359297,2,micron,MJy/sr
17.23339689962651,1578.9024149576824,13.997546276212512,2,micron,MJy/sr
17.23585688060015,1570.3170878092449,12.831073921294562,2,micron,MJy/sr
17.238316861573793,1542.7665473090278,12.843970954512779,2,micron,MJy/sr
17.240776842547433,1539.752190483941,13.254418365904925,2,micron,MJy/sr
17.243236823521077,1566.1846143934463,13.902923505452867,2,micron,MJy/sr
17.245696804494717,1582.8326551649307,12.903711689945691,2,micron,MJy/sr
17.248156785468357,1560.3354831271702,12.550234158779011,2,micron,MJy/sr
17.250616766442,1538.1346876356338,12.65083429521483,2,micron,MJy/sr
17.25307674741564,1561.3483276367188,13.53615032007309,2,micron,MJy/sr
17.25553672838928,1592.6953226725261,13.043718183423332,2,micron,MJy/sr
17.257996709362924,1585.1173570421006,12.484166588229781,2,micron,MJy/sr
17.260456690336564,1554.9799499511719,12.245872082093188,2,micron,MJy/sr
17.262916671310208,1551.9717746310764,13.100864394189951,2,micron,MJy/sr
17.265376652283848,1587.3073018391926,13.337469104267017,2,micron,MJy/sr
17.267836633257488,1599.5380011664497,12.840372429078743,2,micron,MJy/sr
17.270296614231132,1580.2698262532551,12.088139499176453,2,micron,MJy/sr
17.272756595204772,1563.6304117838542,12.744078261611412,2,micron,MJy/sr
17.275216576178416,1581.7305128309463,13.198937364421413,2,micron,MJy/sr
17.277676557152056,1607.121575249566,13.019537266195547,2,micron,MJy/sr
17.280136538125696,1596.8033175998264,12.160098071640412,2,micron,MJy/sr
17.28259651909934,1571.467556423611,12.102583233685749,2,micron,MJy/sr
17.28505650007298,1570.0042521158855,12.793346318146746,2,micron,MJy/sr
17.28751648104662,1597.8170199924045,13.20298433918238,2,micron,MJy/sr
17.289976462020263,1610.6068623860676,12.570328635828076,2,micron,MJy/sr
17.292436442993903,1589.6424797905815,12.073641516754007,2,micron,MJy/sr
17.294896423967547,1573.2027893066406,12.662802256778138,2,micron,MJy/sr
17.297356404941187,1588.2025417751736,13.367519854935916,2,micron,MJy/sr
17.299816385914827,1615.5693698459202,13.291068348796639,2,micron,MJy/sr
17.30227636688847,1607.745581732856,12.398138199603096,2,micron,MJy/sr
17.30473634786211,1584.7813212076824,12.717732649895886,2,micron,MJy/sr
17.307196328835754,1590.0466918945312,13.877380050761682,2,micron,MJy/sr
17.309656309809395,1619.8938802083333,14.31545260499076,2,micron,MJy/sr
17.312116290783035,1629.731926812066,13.23198054540438,2,micron,MJy/sr
17.31457627175668,1611.5711364746094,12.940201370582788,2,micron,MJy/sr
17.31703625273032,1598.7921108669705,13.374807387371364,2,micron,MJy/sr
17.31949623370396,1622.0465630425347,14.443978957895489,2,micron,MJy/sr
17.321956214677602,1644.7764994303386,13.958844992166654,2,micron,MJy/sr
17.324416195651242,1642.4527180989583,13.345447455524557,2,micron,MJy/sr
17.326876176624886,1611.641404893663,13.07464644904719,2,micron,MJy/sr
17.329336157598526,1624.7627733018662,13.868100731985711,2,micron,MJy/sr
17.331796138572166,1665.3272196451824,14.271083053139156,2,micron,MJy/sr
17.33425611954581,1677.7314317491318,13.64441445822556,2,micron,MJy/sr
17.33671610051945,1645.5301852756077,13.228794384679833,2,micron,MJy/sr
17.339176081493093,1631.865258110894,13.853019917086893,2,micron,MJy/sr
17.341636062466733,1654.9323018391926,14.690510296964833,2,micron,MJy/sr
17.344096043440373,1693.0598856608074,14.68496367258962,2,micron,MJy/sr
17.346556024414017,1681.353298611111,13.81157237691871,2,micron,MJy/sr
17.349016005387657,1659.4629313151042,13.817506357562467,2,micron,MJy/sr
17.351475986361297,1648.2614881727432,14.379910706448015,2,micron,MJy/sr
17.35393596733494,1684.6893819173176,15.080590388121767,2,micron,MJy/sr
17.35639594830858,1698.383032904731,14.10759134350672,2,micron,MJy/sr
17.358855929282225,1663.362311469184,13.478587394550942,2,micron,MJy/sr
17.361315910255865,1647.4905192057292,13.741327817222217,2,micron,MJy/sr
17.363775891229505,1669.770528157552,14.659657656858652,2,micron,MJy/sr
17.36623587220315,1691.7996487087673,14.126811445381477,2,micron,MJy/sr
17.36869585317679,1686.7535637749565,13.710327850323697,2,micron,MJy/sr
17.371155834150432,1659.4208577473958,13.618759598173128,2,micron,MJy/sr
17.373615815124072,1648.6726413302952,14.164818380431072,2,micron,MJy/sr
17.376075796097712,1671.2380879720051,14.51100336724404,2,micron,MJy/sr
17.378535777071356,1681.270484076606,13.857492744065103,2,micron,MJy/sr
17.380995758044996,1659.2174004448784,13.379100188743177,2,micron,MJy/sr
17.383455739018636,1635.0271945529514,13.76670071350951,2,micron,MJy/sr
17.38591571999228,1645.1455383300781,14.748549887748595,2,micron,MJy/sr
17.38837570096592,1677.001661512587,14.70300616072819,2,micron,MJy/sr
17.390835681939564,1671.2699584960938,13.799292119740434,2,micron,MJy/sr
17.393295662913204,1644.0147162543403,13.73694405817948,2,micron,MJy/sr
17.395755643886844,1631.4031575520833,14.49351599539903,2,micron,MJy/sr
17.398215624860487,1657.294409857856,15.029993344948899,2,micron,MJy/sr
17.400675605834127,1670.0943942599827,14.161545224436603,2,micron,MJy/sr
17.403135586807768,1650.4336886935764,13.675722702475667,2,micron,MJy/sr
17.40559556778141,1617.3267856174045,13.783711924010749,2,micron,MJy/sr
17.40805554875505,1631.2330152723525,14.724108688723268,2,micron,MJy/sr
17.410515529728695,1664.5263264973958,14.881790570307853,2,micron,MJy/sr
17.412975510702335,1670.7623053656685,14.228386833594419,2,micron,MJy/sr
17.415435491675975,1645.6681179470486,14.022008612291847,2,micron,MJy/sr
17.41789547264962,1625.6924370659722,14.658272660140652,2,micron,MJy/sr
17.42035545362326,1644.9959648980034,15.324513733696703,2,micron,MJy/sr
17.422815434596902,1669.0559590657551,14.694048568290741,2,micron,MJy/sr
17.425275415570542,1648.060285780165,13.7601776479654,2,micron,MJy/sr
17.427735396544183,1615.6044820149739,13.989057627423177,2,micron,MJy/sr
17.430195377517826,1618.148685031467,14.698459058689085,2,micron,MJy/sr
17.432655358491466,1649.239305284288,14.83130670908145,2,micron,MJy/sr
17.435115339465106,1650.0750732421875,13.828269126127308,2,micron,MJy/sr
17.43757532043875,1618.2975294325088,13.478262907787247,2,micron,MJy/sr
17.44003530141239,1601.5080261230469,13.870455374562757,2,micron,MJy/sr
17.442495282386034,1621.5823771158855,14.602625817081151,2,micron,MJy/sr
17.444955263359674,1636.9423455132378,13.953879740576191,2,micron,MJy/sr
17.447415244333314,1625.1036749945747,13.309651293344638,2,micron,MJy/sr
17.449875225306958,1593.1146070692275,13.402529200062984,2,micron,MJy/sr
17.452335206280598,1591.0453050401475,13.98675939137403,2,micron,MJy/sr
17.45479518725424,1615.3442789713542,14.635446893592722,2,micron,MJy/sr
17.45725516822788,1630.73046875,13.904740782825167,2,micron,MJy/sr
17.45971514920152,1600.238742404514,13.527364457973041,2,micron,MJy/sr
17.462175130175165,1584.732401529948,14.081576001323906,2,micron,MJy/sr
17.464635111148805,1596.7618713378906,14.644714543759221,2,micron,MJy/sr
17.467095092122445,1617.2263726128472,14.451248438411852,2,micron,MJy/sr
17.46955507309609,1609.3995429144966,13.54405367870143,2,micron,MJy/sr
17.47201505406973,1582.0542297363281,13.421384144947528,2,micron,MJy/sr
17.474475035043373,1573.6408827039932,14.14710049677816,2,micron,MJy/sr
17.476935016017013,1599.4929979112412,14.841932057340218,2,micron,MJy/sr
17.479394996990653,1619.4466044108074,14.123259422698505,2,micron,MJy/sr
17.481854977964296,1595.3438313802083,13.381817462122855,2,micron,MJy/sr
17.484314958937937,1564.7064988878037,13.632534567224976,2,micron,MJy/sr
17.48677493991158,1573.5538872612847,14.583258465236376,2,micron,MJy/sr
17.48923492088522,1603.2704739040798,14.415788453087997,2,micron,MJy/sr
17.49169490185886,1602.6648525661892,13.32742666307735,2,micron,MJy/sr
17.494154882832504,1570.8835076226128,13.027125645772314,2,micron,MJy/sr
17.496614863806144,1556.3942565917969,13.385062240151802,2,micron,MJy/sr
17.499074844779784,1574.2366129557292,14.019149324705536,2,micron,MJy/sr
17.501534825753428,1596.9969245062935,13.387897143464139,2,micron,MJy/sr
17.503994806727068,1577.988477918837,12.75747550547322,2,micron,MJy/sr
17.50645478770071,1547.45164320204,12.74519165395616,2,micron,MJy/sr
17.50891476867435,1548.3424309624565,13.168424422753196,2,micron,MJy/sr
17.51137474964799,1577.1521674262153,13.371768993970008,2,micron,MJy/sr
17.513834730621635,1583.5532362196182,12.58877651598674,2,micron,MJy/sr
17.516294711595275,1555.5225016276042,12.468487170700085,2,micron,MJy/sr
17.518754692568915,1538.8774515787761,12.776484399386067,2,micron,MJy/sr
17.52121467354256,1558.3498908148872,13.790667514068844,2,micron,MJy/sr
17.5236746545162,1581.870120578342,13.481765166546703,2,micron,MJy/sr
17.526134635489843,1573.5076870388455,13.115657423453584,2,micron,MJy/sr
17.528594616463483,1544.7684868706597,12.864034129876467,2,micron,MJy/sr
17.531054597437123,1547.5805528428818,13.71091704731418,2,micron,MJy/sr
17.533514578410767,1573.3956705729167,14.308560514605173,2,micron,MJy/sr
17.535974559384407,1585.1339959038628,13.768685820548502,2,micron,MJy/sr
17.53843454035805,1563.3466457790798,13.305071234939842,2,micron,MJy/sr
17.54089452133169,1543.5388285319011,13.66987189982644,2,micron,MJy/sr
17.54335450230533,1553.1454671223958,14.546510858274646,2,micron,MJy/sr
17.545814483278974,1582.2973259819878,14.720157167731692,2,micron,MJy/sr
17.548274464252614,1575.9306098090278,13.842417473911512,2,micron,MJy/sr
17.550734445226254,1552.673780653212,13.89881075024104,2,micron,MJy/sr
17.553194426199898,1542.8679877387153,14.2585172321244,2,micron,MJy/sr
17.555654407173538,1562.9937065972222,14.674270275585762,2,micron,MJy/sr
17.55811438814718,1576.0731574164497,14.244608764351426,2,micron,MJy/sr
17.560574369120822,1562.949171278212,13.762986974344559,2,micron,MJy/sr
17.563034350094462,1530.8436618381077,13.478549419509967,2,micron,MJy/sr
17.565494331068106,1532.9815504286025,14.491172751706035,2,micron,MJy/sr
17.567954312041746,1557.1895311143662,14.655059621864973,2,micron,MJy/sr
17.57041429301539,1563.3196411132812,14.079780511347732,2,micron,MJy/sr
17.57287427398903,1540.3554043240017,13.850444689909207,2,micron,MJy/sr
17.57533425496267,1519.5254720052083,13.92145031349416,2,micron,MJy/sr
17.577794235936313,1533.1324361165364,14.85751576372547,2,micron,MJy/sr
17.580254216909953,1568.6128234863281,15.11386725275168,2,micron,MJy/sr
17.582714197883593,1561.9137471516926,14.398152119242411,2,micron,MJy/sr
17.585174178857237,1534.4314270019531,14.58543922261866,2,micron,MJy/sr
17.587634159830877,1525.2155863444011,15.054323356862795,2,micron,MJy/sr
17.59009414080452,1553.4446343315972,15.882291849340941,2,micron,MJy/sr
17.59255412177816,1581.1754150390625,15.131160832207119,2,micron,MJy/sr
17.5950141027518,1566.1075744628906,14.51555435503645,2,micron,MJy/sr
17.597474083725444,1541.2163730197483,14.588414112430728,2,micron,MJy/sr
17.599934064699085,1536.121385362413,15.44744949245364,2,micron,MJy/sr
17.602394045672728,1559.6976793077256,15.129975351343719,2,micron,MJy/sr
17.60485402664637,1574.2759975857205,14.2338701814287,2,micron,MJy/sr
17.60731400762001,1556.105495876736,14.008414411051964,2,micron,MJy/sr
17.609773988593652,1541.5589294433594,14.468065378655034,2,micron,MJy/sr
17.612233969567292,1559.2818637424045,15.16452368017972,2,micron,MJy/sr
17.614693950540932,1583.9555053710938,14.757579393327532,2,micron,MJy/sr
17.617153931514576,1574.4351603190105,13.794197221513562,2,micron,MJy/sr
17.619613912488216,1550.8004184299045,13.523877474175357,2,micron,MJy/sr
17.62207389346186,1537.711446126302,14.194956655512174,2,micron,MJy/sr
17.6245338744355,1560.5338575575088,14.425336333393215,2,micron,MJy/sr
17.62699385540914,1579.6831190321182,13.797608619622187,2,micron,MJy/sr
17.629453836382783,1559.5989345974392,13.40066139242609,2,micron,MJy/sr
17.631913817356423,1540.6510111490886,13.391119548664442,2,micron,MJy/sr
17.634373798330063,1547.2518920898438,14.456013455640097,2,micron,MJy/sr
17.636833779303707,1574.8484700520833,14.371437874955618,2,micron,MJy/sr
17.639293760277347,1583.9674038357205,13.884565188696177,2,micron,MJy/sr
17.64175374125099,1562.8819885253906,13.6936336002152,2,micron,MJy/sr
17.64421372222463,1538.6900566948784,14.348474427568709,2,micron,MJy/sr
17.64667370319827,1558.4417148166233,15.105129665722288,2,micron,MJy/sr
17.649133684171915,1581.8731994628906,14.649223249307825,2,micron,MJy/sr
17.651593665145555,1576.1126980251736,13.685299278236824,2,micron,MJy/sr
17.6540536461192,1559.3172302246094,13.656952679935644,2,micron,MJy/sr
17.65651362709284,1558.4275682237412,14.496220801634518,2,micron,MJy/sr
17.65897360806648,1577.8392706976997,15.007863126673062,2,micron,MJy/sr
17.661433589040122,1599.356686062283,14.373599476209256,2,micron,MJy/sr
17.663893570013762,1590.9406195746528,13.957713524865863,2,micron,MJy/sr
17.666353550987402,1560.4074334038628,13.920144220444397,2,micron,MJy/sr
17.668813531961046,1562.5311075846355,14.63830705979876,2,micron,MJy/sr
17.671273512934686,1589.9646606445312,14.81588911396089,2,micron,MJy/sr
17.67373349390833,1601.8375515407986,14.078451458711664,2,micron,MJy/sr
17.67619347488197,1575.0790506998699,13.410507388555347,2,micron,MJy/sr
17.67865345585561,1552.0792778862847,13.705672627973787,2,micron,MJy/sr
17.681113436829254,1566.534864637587,14.425598069503126,2,micron,MJy/sr
17.683573417802894,1586.3664889865452,14.010967926664216,2,micron,MJy/sr
17.686033398776537,1595.8587171766494,13.67934796007513,2,micron,MJy/sr
17.688493379750177,1563.8821784125435,13.325195525044398,2,micron,MJy/sr
17.690953360723817,1561.124250623915,13.657870915408859,2,micron,MJy/sr
